{
  "_fv": 66,
  "_type": "recipe",
  "definition": {
    "recipeType": "Crafting",
    "recipeRetstackSize": 2,
    "group": "",
    "cookingBookCategory": "MISC",
    "xpReward": 0.0,
    "cookingTime": 200,
    "craftingBookCategory": "MISC",
    "recipeShapeless": true,
    "recipeSlots": [
      {
        "value": ""
      },
      {
        "value": "Items.SWEET_BERRIES"
      },
      {
        "value": ""
      },
      {
        "value": "Items.HONEY_BOTTLE"
      },
      {
        "value": "CUSTOM:DonutFilledBasic"
      },
      {
        "value": "Items.SUGAR"
      },
      {
        "value": ""
      },
      {
        "value": "CUSTOM:DonutFilledBasic"
      },
      {
        "value": ""
      }
    ],
    "recipeReturnStack": {
      "value": "CUSTOM:FilledMatiz"
    },
    "name": "fm_recipe",
    "namespace": "mod"
  }
}