{
  "_fv": 66,
  "_type": "item",
  "definition": {
    "renderType": 0,
    "texture": "honeypotato",
    "customModelName": "Normal",
    "customProperties": {},
    "states": [],
    "name": "Glazed Potato Donut (Honey)",
    "rarity": "COMMON",
    "creativeTabs": [
      {
        "value": "FOOD"
      }
    ],
    "stackSize": 16,
    "enchantability": 0,
    "useDuration": 56,
    "toolType": 1.0,
    "damageCount": 0,
    "recipeRemainder": {
      "value": ""
    },
    "destroyAnyBlock": false,
    "immuneToFire": false,
    "stayInGridWhenCrafting": false,
    "damageOnCrafting": false,
    "enableMeleeDamage": false,
    "damageVsEntity": 0.0,
    "specialInformation": {
      "fixedValue": []
    },
    "glowCondition": {
      "fixedValue": false
    },
    "guiBoundTo": "<NONE>",
    "inventorySize": 9,
    "inventoryStackSize": 64,
    "enableRanged": false,
    "shootConstantly": false,
    "rangedItemChargesPower": false,
    "projectile": {
      "value": "Arrow"
    },
    "isFood": true,
    "nutritionalValue": 8,
    "saturation": 0.9,
    "eatResultItem": {
      "value": ""
    },
    "isMeat": false,
    "isAlwaysEdible": false,
    "animation": "eat"
  }
}